chunk_size,retrieval_k,question,answer,num_sources,response_time,num_chunks
256,3,中国足球的队长是谁,我是一个专注于汽车知识的助手，无法提供关于中国足球队长的信息。如果您有关于汽车的问题，比如车辆功能、驾驶辅助系统、储物空间使用等，我很乐意为您解答！,3,1.8486559391021729,818
256,3,新冠肺炎如何预防？,"我是一个专注于汽车知识的助手，无法提供关于新冠肺炎预防等医学健康问题的专业建议。此类问题请咨询医疗卫生专业人士或参考国家卫生健康委员会、世界卫生组织（WHO）等权威机构发布的科学防疫指南。

如果您有关于汽车使用、保养、驾驶安全（如冬季驾驶注意事项、冷却系统维护、节油驾驶技巧等）的问题，我很乐意为您提供帮助！",3,2.681133508682251,818
256,3,交通事故如何处理？,"根据您提供的上下文资料（《紧急情况下》《处理车辆故障》《紧急救援》等章节），交通事故的处理可参考以下要点：

✅ **1. 确保安全，及时报警**  
- 若发生交通事故，请首先确保人员安全；如有人员受伤，立即拨打120急救电话。  
- 同时拨打110报警，并根据当地交通法规要求，在确保安全的前提下设置警示标志（如三角警告牌）。

✅ **2. 联系紧急救援服务**  
- 如车辆无法行驶，可联系厂商或保险公司提供的**紧急救援服务**（见手册第330页）。  
- 注意：在高速公路、隧道、桥梁等特殊路段，因管理法规限制，救援车辆可能无法直接到达——此时救援中心将引导您联系当地交警或政府指定拖车服务商，**相关拖车费用由您自行承担**（见“注意！”栏）。

✅ **3. 保留证据，配合调查**  
- 拍摄现场照片（含车辆位置、碰撞部位、道路标线、交通信号等）；  
- 记录对方车牌、驾驶员信息、保险信息；  
- 配合交警事故认定，获取《道路交通事故认定书》。

✅ **4. 关于保修与责任的特别提示（来自上下文）**  
⚠️ 手册明确指出：  
- **车辆故障若由非质量问题引起**（如未按制造商建议保养、车辆处于醉酒驾驶状态、用于出租车/租赁/试驾等非家用用途），则相关费用及损失**不在保障范围内**（第334页）；  
- 因**驾驶人员醉酒**（血液酒精含量超标）导致的事故，属于免责情形。

📌 温馨提醒：  
- 本手册所述服务不替代法定事故处理程序；  
- 涉及保险理赔时，请同步联系您的保险公司；  
- 日常应严格遵守《中华人民共和国道路交通安全法》，杜绝酒驾、疲劳驾驶等危险行为。

如需了解事故后车辆拖运、维修流程、保险报案指引等具体操作，我可进一步为您说明。",3,14.483410835266113,818
256,3,怎样加热座椅？,"根据您提供的上下文资料，加热前排座椅（驾驶员侧和副驾驶员侧）有以下两种操作方式：

---

✅ **方式一：通过中央显示屏操作（推荐）**  
1. 在中央显示屏中唤起**空调控制界面**；  
2. 点击 **“舒适”** 选项（见第114、115页）；  
3. 进入后可分别选择：  
   - **驾驶员侧座椅加热** → 点击对应图标，进入控制界面；  
   - **副驾驶员侧座椅加热** → 点击对应图标，进入控制界面；  
4. **调节加热强度**：点击控制开关，在 **“关 → 低 → 中 → 高”** 四档之间循环切换（第115页）；  
5. **设置加热时间（可选）**：在“舒适”菜单中可设定加热时长——  
   - 可选：**5分钟、15分钟、30分钟 或 持续加热**（第114页）。

---

✅ **方式二：通过 Lynk & Co App 远程控制**  
- 登录 **Lynk & Co App**；  
- 找到并点击 **“前排座椅加热”图标**（通常为座椅+火焰符号）；  
- 一键开启或关闭前排座椅加热功能（第115页）。

---

⚠️ **重要安全警告（务必注意）**：  
> ■ 如果您或乘客（如病人、残疾人、无身体知觉者等）**无法感知座椅温度**，请**切勿使用前排座椅加热功能**，以防低温烫伤。（第115页）

---

如需了解座椅通风功能、加热与通风的联动设置，或故障提示处理，我也可以为您补充说明。",3,9.232137680053711,818
256,3,自动模式下，中央显示屏是如何切换日间和夜间模式的？,"根据您提供的上下文资料，中央显示屏在**自动模式**下切换日间/夜间模式的方式如下：

✅ **有两种可选的自动切换逻辑**（用户可在设置中自主选择）：

1. **日出到日落（默认推荐）**  
   - 系统依据车辆所在位置的**实时日出、日落时间**自动判断；  
   - **日出后 → 自动启用日间模式**（亮度高、色彩偏冷）；  
   - **日落后 → 自动启用夜间模式**（亮度降低、界面变暗、减少蓝光干扰）。

2. **自定时段**  
   - 用户可手动设定两个时间点（例如：06:00–22:00）；  
   - 在设定的“日间时段”内显示**日间模式**；  
   - 在设定的“夜间时段”内显示**夜间模式**。

📌 **说明强调（原文摘录）**：  
> “日夜模式选择自动模式后，中央显示屏会自动切换日间模式或夜间模式。”  
> “您可以依据个人喜好选择自动模式：□ 日出到日落；□ 自定时段。”

🔧 **设置路径**：  
中央显示屏 → **设置 → 显示** → 选择“显示模式” → 切换为**自动** → 进一步选择“日出到日落”或“自定时段”。

如需了解如何设置自定时段的具体操作，或夜间模式对驾驶安全的优化设计（如减少眩光），我也可以为您补充。",3,8.088879346847534,818
512,3,中国足球的队长是谁,根据现有资料无法回答这个问题。您提供的上下文内容全部是关于汽车储物空间和装载货物的说明，不涉及中国足球相关信息。,3,1.801342248916626,456
512,3,新冠肺炎如何预防？,"根据现有资料无法回答这个问题。您提供的上下文内容全部是关于Lynk & Co领克汽车的使用说明、安全警告、清洁注意事项、网络环境提示及事件数据记录系统（EDR）等汽车相关知识，未包含任何关于新冠肺炎（COVID-19）及其预防措施的信息。

如需了解科学、权威的新冠肺炎预防方法，建议参考国家卫生健康委员会、世界卫生组织（WHO）或疾控中心（CDC）发布的官方指南。",3,2.818049430847168,456
512,3,交通事故如何处理？,"根据您提供的上下文资料，其中并未详细说明**交通事故的完整处理流程**（如报警、责任认定、保险理赔等），但包含与交通事故相关的**紧急情况应对原则、救援限制条件及免责情形**，可归纳出以下关键信息：

### 一、紧急情况下应优先采取的措施（来自“紧急救援”部分）：
- **立即启用SOS紧急救援**：车辆配备手动SOS呼叫按键，可在发生严重事故时快速联系救援中心。
- **确保人员安全为首要任务**：如遇洪水、雷电等恶劣天气或特殊地理环境（如隧道、桥梁），应优先将驾乘人员转移至安全地点。
- **切勿自行修理车辆**：车辆故障处理需专业技能，严禁擅自操作（见第330页警告）。

### 二、不适用紧急道路救援的情形（影响事故后续处理）：
- 若事故由以下原因导致，**Lynk & Co领克不提供道路救援服务**（见第333–334页）：
  - 驾驶人处于**醉酒、吸毒、服用非处方麻醉剂**状态；
  - 驾驶人**无有效驾驶证**，或证件被吊销/扣留；
  - 车辆**未按制造商建议保养**，或存在**非质量问题引发的故障**；
  - 车辆用于**出租车、租赁、试乘试驾等非家用用途**；
  - 发生**整车侧翻、坠崖、翻车、陷入泥泞/路沟、掉落山谷等困境**（属“困境救险”除外范围）；
  - 事故主因是**超员、违规载货、运载危险品（如易燃易爆物）**等。

### 三、重要提示：
- 上述内容仅反映**Lynk & Co品牌对自身道路救援服务的覆盖范围与免责条款**，**不替代法定交通事故处理程序**。
- 实际发生交通事故时，仍须依法：
  - 立即停车、保护现场、抢救伤员；
  - 拨打122报警、120急救；
  - 配合交警调查，按《道路交通安全法》划分责任；
  - 联系保险公司报案理赔。

如需了解标准交通事故处理流程，建议查阅《中华人民共和国道路交通安全法》第七十条及相关实施细则。",3,12.870712995529175,456
512,3,怎样加热座椅？,"根据您提供的上下文资料，加热前排座椅有以下两种主要方式：

---

### 一、通过中央显示屏调节（推荐方式）

#### ▶ 驾驶员侧座椅加热：
1. 在中央显示屏中点击相应图标（文中描述为“点击 ”，实际为对应座椅加热入口）；
2. 进入**驾驶员侧座椅加热控制界面**；
3. 点击控制开关，在 **“关 → 低 → 中 → 高”** 四档之间循环切换；
4. 可设置加热时间：**5分钟、15分钟、30分钟或持续加热**（路径：空调控制界面 → “舒适”选项）。

#### ▶ 副驾驶员侧座椅加热：
1. 同样在中央显示屏中点击另一图标（文中为“点击 ”），进入**副驾驶侧座椅加热控制界面**；
2. 同样支持 **“关-低-中-高”三级加热强度调节**（注：原文写“三级”，但档位列了“关、低、中、高”共四档，实际操作为四档循环）；
3. 加热时间设置方式与驾驶员侧一致。

---

### 二、通过 Lynk & Co App 远程控制
- 登录 **Lynk & Co App**；
- 找到并点击 **“前排座椅加热”图标**；
- 可一键**打开或关闭**前排座椅加热功能（不分左右侧，为整体控制）。

---

### ⚠️ 重要警告（务必注意）：
> ■ 如果您或者车上的乘客（例如：病人、残疾人、无身体知觉的人等）**身体无法感知座椅温度，请勿使用前排座椅加热功能**。  
> ——防止低温烫伤或热损伤。

---

如需加热**方向盘**，方法类似（同样支持“低/中/高”三档+App远程控制+自动加热模式），但不属于座椅加热范畴，此处不展开。

需要我为您说明方向盘加热或座椅通风的操作吗？",3,10.439860343933105,456
512,3,自动模式下，中央显示屏是如何切换日间和夜间模式的？,"根据提供的上下文信息（页码 263 和 264），在**自动模式下**，中央显示屏切换日间模式和夜间模式的方式如下：

✅ **有两种可选的自动策略**（用户可在设置中自行选择）：

1. **日出到日落（Sunrise to Sunset）**  
   - 系统依据当地**日出和日落时间**自动判断：  
     → 白天（日出后）显示**日间模式**；  
     → 夜晚（日落后）自动切换为**夜间模式**。

2. **自定时段（Custom Time Period）**  
   - 用户可**手动设定一个时间段**（例如：19:00 至 06:00）；  
     → 在该设定时段内，显示**夜间模式**；  
     → 其余时间则显示**日间模式**。

📌 补充说明：  
- 选择“自动”模式后，中央显示屏**会自动完成切换**，无需手动干预；  
- 设置路径为：**中央显示屏 → 设置 → 显示 → 中央显示屏亮暗模式 → 选择“自动” → 进一步选择“日出到日落”或“自定时段”**。

（注：上下文未说明系统如何获取地理位置或日出日落数据，但通常依赖车辆GPS及网络时间服务实现。）",3,7.283494472503662,456
1024,3,中国足球的队长是谁,根据现有资料无法回答这个问题。您提到的上下文内容全部是关于汽车储物空间和装载货物的说明，与足球或中国足球队无关。如果您有关于汽车方面的问题，我很乐意为您解答。,3,1.591207504272461,353
1024,3,新冠肺炎如何预防？,"根据现有资料无法回答这个问题。您提供的上下文内容全部是关于Lynk & Co领克汽车的使用说明，包括保养维护、雨刮片更换、事件数据记录系统、远程监控系统、上车下车操作及开门预警系统等，不涉及公共卫生或新冠肺炎预防相关内容。

如需了解新冠肺炎的科学预防措施，建议参考国家卫生健康委员会、世界卫生组织（WHO）等权威机构发布的指南，例如：勤洗手、戴口罩、保持社交距离、接种疫苗、注意通风、避免前往人员密集场所等。

如果您有关于汽车使用、保养或功能的问题，欢迎随时提问！",3,3.462327241897583,353
1024,3,交通事故如何处理？,"根据您提供的上下文资料，关于交通事故的处理，有以下明确信息：

✅ **Lynk & Co领克中心的救援服务原则：**  
> “当顾客车辆发生交通事故时，如果车辆保险公司已经提供救援服务，Lynk & Co领克中心不再重复提供救援服务。”（见“紧急道路救援的例外情况”，第334页）

⚠️ **不属于紧急道路救援范围的情形（含事故相关限制）：**  
- 车辆参与赛车、拉力赛、速度或耐久性测试等非日常使用；  
- 因故意损坏、违法犯罪行为、警方介入等引发的故障或事故；  
- 车辆操作违反使用说明而引起的损坏；  
- 交通事故中若已由保险公司提供救援，则领克不重复介入。

🔍 **但需注意：**  
上下文未提供交通事故现场处置流程（如报警、拍照、撤离、责任认定等法定步骤），也未说明保险报案、交警处理或伤员救助等具体操作。这些属于《中华人民共和国道路交通安全法》规定的法定程序，不在本汽车用户手册覆盖范围内。

📌 **建议实际操作步骤（补充常识，非出自原文）：**  
1. 立即停车，开启危险报警闪光灯（双闪）；  
2. 若有人受伤，第一时间拨打120急救及122报警；  
3. 在确保安全前提下，拍照/录像固定现场证据；  
4. 轻微事故且无伤亡，可按当地规定快速撤离并线上处理；  
5. 同时联系您的车辆保险公司，并视情决定是否启用领克紧急道路救援（仅在保险公司未提供服务且符合救援条件时适用）。

如需了解领克SOS紧急呼叫功能（可一键联系领克客户联络中心求助），手册中有说明：  
> “按住 SOS 按键约2秒，手动激活SOS功能……车辆位置将发送至领克客户联络中心，中心将提供适当援助（如呼叫救护车、警察等）。”（第330页）

如您需要我基于手册内容进一步解析某项功能（如SOS使用、应急解锁、电池亏电处理等），欢迎继续提问！",3,12.872029304504395,353
1024,3,怎样加热座椅？,"根据您提供的上下文资料，加热前排座椅有以下两种主要方式：

### 一、通过中央显示屏调节（推荐方式）
1. **进入控制界面：**  
   - 点击中央显示屏上的相应图标（文中用“ ”表示），进入**驾驶员侧座椅加热控制界面**；  
   - 或点击另一图标（文中用“ ”表示），进入**副驾驶员侧座椅加热控制界面**。

2. **设置加热强度：**  
   - 驾驶员/副驾驶侧座椅加热均支持**三级调节**：  
     **关 → 低 → 中 → 高**（点击开关后循环切换）；  
   - 可分别独立开启、关闭或调整两侧座椅的加热强度。

3. **设置加热时间（可选）：**  
   - 在中央显示屏中唤起**空调控制界面** → 点击 **“- 舒适”**；  
   - 即可设置：  
     ✅ 驾驶员侧加热时长（5分钟 / 15分钟 / 30分钟 / 持续）；  
     ✅ 副驾驶员侧加热时长（同上）。

---

### 二、通过Lynk & Co App远程控制
- 登录 **Lynk & Co App**；  
- 找到并点击 **“前排座椅加热”图标**；  
- 一键开启或关闭前排座椅加热功能（支持远程操作，无需启动车辆）。

---

⚠️ **重要安全警告（请务必注意）：**  
> ■ 如果您或车上的乘客（例如：病人、残疾人、无身体知觉的人等）**无法感知座椅温度，请勿使用前排座椅加热功能**，以防低温烫伤风险。

如需了解方向盘加热操作（同样分三级：低/中/高，支持自动加热设置），我也可以为您说明。",3,9.501638174057007,353
1024,3,自动模式下，中央显示屏是如何切换日间和夜间模式的？,"根据提供的上下文信息（页码 263 和 264），在**自动模式**下，中央显示屏切换日间模式和夜间模式的方式如下：

✅ **有两种可选的自动切换逻辑：**  
1. **日出到日落（默认推荐）：**  
   - 系统依据车辆所在地的**实时日出、日落时间**自动判断；  
   - 日出后 → 自动切换为**日间模式**；  
   - 日落后 → 自动切换为**夜间模式**。

2. **自定时段：**  
   - 用户可手动设置一个**固定的时间段**（例如：19:00–06:00）；  
   - 到达设定的起始时间 → 自动切换为**夜间模式**；  
   - 到达设定的结束时间 → 自动切换为**日间模式**。

📌 补充说明（原文强调）：  
> “选择自动模式后，中央显示屏会自动切换日间模式或夜间模式。”  
> ——见第263页与第264页“说明！”栏

🔧 设置路径（供参考）：  
在中央显示屏中依次点击：  
**设置 → 显示 → 中央显示屏显示模式 → 选择“自动” → 进一步选择“日出到日落”或“自定时段”**

如需了解如何手动切换或调节亮度，我也可以为您说明。",3,7.492358922958374,353
